{
  "description": "项目私有配置文件。此文件中的内容将覆盖 project.config.json 中的相同字段。项目的改动优先同步到此文件中。详见文档：https://developers.weixin.qq.com/miniprogram/dev/devtools/projectconfig.html",
  "projectname": "miniprogram-2",
  "setting": {
    "compileHotReLoad": true
  },
  "condition": {
    "miniprogram": {
      "list": [
        {
          "name": "pages/srxq/srxq",
          "pathName": "pages/srxq/srxq",
          "query": "",
          "launchMode": "default",
          "scene": null
        },
        {
          "name": "pages/jiyibi2/jiyibi2",
          "pathName": "pages/jiyibi2/jiyibi2",
          "query": "",
          "launchMode": "default",
          "scene": null
        },
        {
          "name": "pages/jiyibi/jiyibi",
          "pathName": "pages/jiyibi/jiyibi",
          "query": "",
          "launchMode": "default",
          "scene": null
        },
        {
          "name": "pages/zdxq/zdxq",
          "pathName": "pages/zdxq/zdxq",
          "query": "",
          "launchMode": "default",
          "scene": null
        },
        {
          "name": "pages/zdjl/zdjl",
          "pathName": "pages/zdjl/zdjl",
          "query": "",
          "launchMode": "default",
          "scene": null
        },
        {
          "name": "pages/mine/mine",
          "pathName": "pages/mine/mine",
          "query": "",
          "launchMode": "default",
          "scene": null
        },
        {
          "name": "pages/shouye/shouye",
          "pathName": "pages/shouye/shouye",
          "query": "",
          "launchMode": "default",
          "scene": null
        },
        {
          "name": "pages/index/index",
          "pathName": "pages/index/index",
          "query": "",
          "launchMode": "default",
          "scene": null
        }
      ]
    }
  }
}